IMG,OBJ,FILT,MJD,SEE,AIRM,EXPTIME,DATE-OBS
h_e_20240926_68_1_1_9.fits,ZTF24abjjpbo,SDSS-G,60580.05019,1.249561,1.802967,60.0,2024-09-27T01:12:16.441
h_e_20240926_67_1_1_9.fits,ZTF24abjjpbo,SDSS-U,60580.048521,1.948661,1.819415,120.0,2024-09-27T01:09:52.211
h_e_20240926_69_1_1_9.fits,ZTF24abjjpbo,SDSS-R,60580.05119,1.191508,1.793401,60.0,2024-09-27T01:13:42.801
h_e_20240926_70_1_1_9.fits,ZTF24abjjpbo,SDSS-I,60580.052164,1.226578,1.78435,60.0,2024-09-27T01:15:06.970
h_e_20240926_71_1_1_9.fits,ZTF24abjjpbo,SDSS-Z,60580.053143,1.236872,1.775363,60.0,2024-09-27T01:16:31.542
h_e_20240927_62_1_1_9.fits,ZTF24abjjpbo,SDSS-G,60581.042049,1.585901,1.858069,60.0,2024-09-28T01:00:33.059
h_e_20240927_63_1_1_9.fits,ZTF24abjjpbo,SDSS-R,60581.043049,1.38469,1.847536,60.0,2024-09-28T01:01:59.406
h_e_20240927_61_1_1_9.fits,ZTF24abjjpbo,SDSS-U,60581.04038,1.816046,1.876399,120.0,2024-09-28T00:58:08.844
h_e_20240927_64_1_1_9.fits,ZTF24abjjpbo,SDSS-I,60581.044021,1.222534,1.837331,60.0,2024-09-28T01:03:23.391
h_e_20240927_65_1_1_9.fits,ZTF24abjjpbo,SDSS-Z,60581.044999,1.68423,1.827322,60.0,2024-09-28T01:04:47.940
h_e_20240928_91_1_1_9.fits,ZTF24abjjpbo,SDSS-U,60582.039276,1.846409,1.858522,120.0,2024-09-29T00:56:33.485
h_e_20240928_92_1_1_9.fits,ZTF24abjjpbo,SDSS-G,60582.040945,1.415457,1.840907,60.0,2024-09-29T00:58:57.678
h_e_20240928_93_1_1_9.fits,ZTF24abjjpbo,SDSS-R,60582.041943,1.277262,1.830593,60.0,2024-09-29T01:00:23.833
h_e_20240928_94_1_1_9.fits,ZTF24abjjpbo,SDSS-I,60582.042914,1.0682,1.820832,60.0,2024-09-29T01:01:47.769
h_e_20240928_95_1_1_9.fits,ZTF24abjjpbo,SDSS-Z,60582.043893,1.307069,1.811143,60.0,2024-09-29T01:03:12.373
h_e_20240929_42_1_1_9.fits,ZTF24abjjpbo,SDSS-U,60583.038989,2.340286,1.832921,120.0,2024-09-30T00:56:08.690
h_e_20240929_43_1_1_9.fits,ZTF24abjjpbo,SDSS-G,60583.040661,1.441708,1.816029,60.0,2024-09-30T00:58:33.106
h_e_20240929_44_1_1_9.fits,ZTF24abjjpbo,SDSS-R,60583.041659,1.733785,1.806319,60.0,2024-09-30T00:59:59.323
h_e_20240929_45_1_1_9.fits,ZTF24abjjpbo,SDSS-I,60583.04263,3.067495,1.796911,60.0,2024-09-30T01:01:23.272
h_e_20240929_46_1_1_9.fits,ZTF24abjjpbo,SDSS-Z,60583.04361,1.973685,1.787684,60.0,2024-09-30T01:02:47.894
h_e_20240930_109_1_1_9.fits,ZTF24abjjpbo,SDSS-U,60584.032444,1.859251,1.873539,120.0,2024-10-01T00:46:43.174
h_e_20240930_110_1_1_9.fits,ZTF24abjjpbo,SDSS-G,60584.034113,1.752942,1.855431,60.0,2024-10-01T00:49:07.338
h_e_20240930_111_1_1_9.fits,ZTF24abjjpbo,SDSS-R,60584.035112,1.518336,1.844828,60.0,2024-10-01T00:50:33.697
h_e_20240930_112_1_1_9.fits,ZTF24abjjpbo,SDSS-I,60584.036086,1.412628,1.834674,60.0,2024-10-01T00:51:57.795
h_e_20240930_113_1_1_9.fits,ZTF24abjjpbo,SDSS-Z,60584.037065,14.78099,1.824718,60.0,2024-10-01T00:53:22.372
h_e_20241001_61_1_1_9.fits,ZTF24abjjpbo,SDSS-G,60585.044037,2.701282,1.735754,30.0,2024-10-02T01:03:24.839
h_e_20241001_60_1_1_9.fits,ZTF24abjjpbo,SDSS-U,60585.042144,2.514824,1.751836,60.0,2024-10-02T01:00:41.220
h_e_20241001_62_1_1_9.fits,ZTF24abjjpbo,SDSS-R,60585.045262,1.737144,1.72571,30.0,2024-10-02T01:05:10.653
h_e_20241001_63_1_1_9.fits,ZTF24abjjpbo,SDSS-I,60585.046497,2.146537,1.715814,30.0,2024-10-02T01:06:57.305
h_e_20241001_64_1_1_9.fits,ZTF24abjjpbo,SDSS-Z,60585.047701,2.103126,1.706336,60.0,2024-10-02T01:08:41.392
h_e_20241003_178_1_1_9.fits,ZTF24abjjpbo,SDSS-G,60587.009933,5.353827,2.057662,30.0,2024-10-04T00:14:18.249
h_e_20241003_179_1_1_9.fits,ZTF24abjjpbo,SDSS-R,60587.010587,3.031708,2.048025,30.0,2024-10-04T00:15:14.713
h_e_20241003_180_1_1_9.fits,ZTF24abjjpbo,SDSS-I,60587.011212,2.63537,2.039028,30.0,2024-10-04T00:16:08.725
h_e_20241003_198_1_1_9.fits,ZTF24abjjpbo,SDSS-G,60587.037979,2.678514,1.740744,30.0,2024-10-04T00:54:41.364
h_e_20241003_203_1_1_9.fits,ZTF24abjjpbo,SDSS-G,60587.074782,1.956596,1.522544,30.0,2024-10-04T01:47:41.175
h_e_20241003_205_1_1_9.fits,ZTF24abjjpbo,SDSS-R,60587.076619,2.629247,1.515549,30.0,2024-10-04T01:50:19.855
h_e_20241003_206_1_1_9.fits,ZTF24abjjpbo,SDSS-I,60587.077818,3.120128,1.511156,30.0,2024-10-04T01:52:03.474
h_e_20241003_208_1_1_9.fits,ZTF24abjjpbo,SDSS-Z,60587.079713,1.849105,1.504465,60.0,2024-10-04T01:54:47.231
h_e_20241003_209_1_1_9.fits,ZTF24abjjpbo,SDSS-U,60587.081664,2.886644,1.497937,140.0,2024-10-04T01:57:35.755
h_e_20241003_207_1_1_9.fits,ZTF24abjjpbo,Bessell-V,60587.079055,2.66938,1.506769,30.0,2024-10-04T01:53:50.363
h_e_20241003_204_1_1_9.fits,ZTF24abjjpbo,Bessell-B,60587.075982,2.594662,1.517948,30.0,2024-10-04T01:49:24.806
h_e_20241004_117_1_1_9.fits,ZTF24abjjpbo,SDSS-G,60588.020858,1.464826,1.880996,30.0,2024-10-05T00:30:02.095
h_e_20241004_118_1_1_9.fits,ZTF24abjjpbo,SDSS-R,60588.021508,1.293697,1.873735,30.0,2024-10-05T00:30:58.268
h_e_20241004_119_1_1_9.fits,ZTF24abjjpbo,SDSS-I,60588.022133,1.430137,1.866823,30.0,2024-10-05T00:31:52.314
h_e_20241004_156_1_1_9.fits,ZTF24abjjpbo,SDSS-G,60588.072956,1.557365,1.51908,30.0,2024-10-05T01:45:03.366
h_e_20241004_158_1_1_9.fits,ZTF24abjjpbo,SDSS-R,60588.074806,1.314696,1.512195,30.0,2024-10-05T01:47:43.212
h_e_20241004_159_1_1_9.fits,ZTF24abjjpbo,SDSS-I,60588.076004,1.201639,1.5079,30.0,2024-10-05T01:49:26.781
h_e_20241004_157_1_1_9.fits,ZTF24abjjpbo,Bessell-B,60588.074155,1.709124,1.514542,30.0,2024-10-05T01:46:46.993
h_e_20241004_161_1_1_9.fits,ZTF24abjjpbo,SDSS-Z,60588.077893,1.316313,1.501363,60.0,2024-10-05T01:52:09.950
h_e_20241004_162_1_1_9.fits,ZTF24abjjpbo,SDSS-U,60588.079841,1.777252,1.494988,140.0,2024-10-05T01:54:58.272
h_e_20241004_160_1_1_9.fits,ZTF24abjjpbo,Bessell-V,60588.077239,1.320139,1.503613,30.0,2024-10-05T01:51:13.471
h_e_20241005_134_1_1_9.fits,ZTF24abjjpbo,SDSS-R,60589.041847,1.673447,1.669114,45.0,2024-10-06T01:00:15.581
h_e_20241005_135_1_1_9.fits,ZTF24abjjpbo,SDSS-G,60589.080584,1.364429,1.484395,30.0,2024-10-06T01:56:02.494
h_e_20241005_137_1_1_9.fits,ZTF24abjjpbo,SDSS-R,60589.082422,1.158872,1.47919,30.0,2024-10-06T01:58:41.247
h_e_20241005_136_1_1_9.fits,ZTF24abjjpbo,Bessell-B,60589.081783,1.436273,1.480971,30.0,2024-10-06T01:57:46.016
h_e_20241005_138_1_1_9.fits,ZTF24abjjpbo,SDSS-I,60589.083654,1.013501,1.475851,30.0,2024-10-06T02:00:27.738
h_e_20241005_140_1_1_9.fits,ZTF24abjjpbo,SDSS-Z,60589.08555,1.031394,1.470953,60.0,2024-10-06T02:03:11.516
h_e_20241005_139_1_1_9.fits,ZTF24abjjpbo,Bessell-V,60589.084892,1.090346,1.472634,30.0,2024-10-06T02:02:14.635
h_e_20241005_141_1_1_9.fits,ZTF24abjjpbo,SDSS-U,60589.0875,1.507552,1.466229,140.0,2024-10-06T02:06:00.041
h_e_20241005_163_1_1_9.fits,ZTF24abjjpbo,SDSS-R,60589.129999,1.121955,1.430894,45.0,2024-10-06T03:07:11.874
h_e_20241006_87_1_1_9.fits,ZTF24abjjpbo,SDSS-G,60590.001864,2.552434,2.055924,30.0,2024-10-07T00:02:41.025
h_e_20241006_88_1_1_9.fits,ZTF24abjjpbo,SDSS-R,60590.002512,1.985684,2.046312,30.0,2024-10-07T00:03:37.076
h_e_20241006_89_1_1_9.fits,ZTF24abjjpbo,SDSS-I,60590.003137,1.709433,2.037337,30.0,2024-10-07T00:04:31.047
h_e_20241006_112_1_1_9.fits,ZTF24abjjpbo,SDSS-G,60590.065901,1.447024,1.525235,30.0,2024-10-07T01:34:53.871
h_e_20241006_114_1_1_9.fits,ZTF24abjjpbo,SDSS-R,60590.067742,1.290629,1.518125,30.0,2024-10-07T01:37:32.932
h_e_20241006_113_1_1_9.fits,ZTF24abjjpbo,Bessell-B,60590.067103,1.644424,1.520565,30.0,2024-10-07T01:36:37.688
h_e_20241006_115_1_1_9.fits,ZTF24abjjpbo,SDSS-I,60590.068939,1.214169,1.513657,30.0,2024-10-07T01:39:16.335
h_e_20241006_117_1_1_9.fits,ZTF24abjjpbo,SDSS-Z,60590.070836,1.273722,1.50685,60.0,2024-10-07T01:42:00.193
h_e_20241006_116_1_1_9.fits,ZTF24abjjpbo,Bessell-V,60590.070177,1.427692,1.509194,30.0,2024-10-07T01:41:03.322
h_e_20241006_118_1_1_9.fits,ZTF24abjjpbo,SDSS-U,60590.072788,1.676468,1.500207,140.0,2024-10-07T01:44:48.895
h_e_20241006_195_1_1_9.fits,ZTF24abjjpbo,SDSS-R,60590.216896,1.366101,1.840894,45.0,2024-10-07T05:12:19.834
h_e_20241007_78_1_1_9.fits,ZTF24abjjpbo,SDSS-G,60591.068243,1.49492,1.506383,30.0,2024-10-08T01:38:16.202
h_e_20241007_80_1_1_9.fits,ZTF24abjjpbo,SDSS-R,60591.07008,1.690886,1.500111,30.0,2024-10-08T01:40:54.914
h_e_20241007_81_1_1_9.fits,ZTF24abjjpbo,SDSS-I,60591.071282,1.530738,1.49618,30.0,2024-10-08T01:42:38.745
h_e_20241007_82_1_1_9.fits,ZTF24abjjpbo,Bessell-V,60591.07252,1.623413,1.492261,30.0,2024-10-08T01:44:25.714
h_e_20241007_79_1_1_9.fits,ZTF24abjjpbo,Bessell-B,60591.069443,1.510264,1.502261,30.0,2024-10-08T01:39:59.878
h_e_20241007_83_1_1_9.fits,ZTF24abjjpbo,SDSS-Z,60591.073176,1.55012,1.490208,60.0,2024-10-08T01:45:22.406
h_e_20241007_84_1_1_9.fits,ZTF24abjjpbo,SDSS-U,60591.075131,2.188024,1.48437,140.0,2024-10-08T01:48:11.315
h_e_20241008_53_1_1_9.fits,ZTF24abjjpbo,SDSS-G,60592.076296,3.064655,1.47368,30.0,2024-10-09T01:49:51.969
h_e_20241008_55_1_1_9.fits,ZTF24abjjpbo,SDSS-R,60592.078133,2.644875,1.469049,30.0,2024-10-09T01:52:30.680
h_e_20241008_54_1_1_9.fits,ZTF24abjjpbo,Bessell-B,60592.077496,2.310915,1.47063,30.0,2024-10-09T01:51:35.638
h_e_20241008_56_1_1_9.fits,ZTF24abjjpbo,SDSS-I,60592.079332,3.682088,1.466172,30.0,2024-10-09T01:54:14.283
h_e_20241008_58_1_1_9.fits,ZTF24abjjpbo,SDSS-Z,60592.081227,3.177554,1.461847,60.0,2024-10-09T01:56:58.007
h_e_20241008_57_1_1_9.fits,ZTF24abjjpbo,Bessell-V,60592.080569,5.278997,1.463327,30.0,2024-10-09T01:56:01.125
h_e_20241008_59_1_1_9.fits,ZTF24abjjpbo,SDSS-U,60592.084105,3.200173,1.455814,140.0,2024-10-09T02:01:06.642
h_e_20241009_73_1_1_9.fits,ZTF24abjjpbo,SDSS-G,60593.066082,1.20185,1.495328,30.0,2024-10-10T01:35:09.451
h_e_20241009_75_1_1_9.fits,ZTF24abjjpbo,SDSS-R,60593.067916,1.112291,1.489613,30.0,2024-10-10T01:37:47.950
h_e_20241009_74_1_1_9.fits,ZTF24abjjpbo,Bessell-B,60593.067281,1.362456,1.491547,30.0,2024-10-10T01:36:53.092
h_e_20241009_76_1_1_9.fits,ZTF24abjjpbo,SDSS-I,60593.069117,0.8521944,1.486015,30.0,2024-10-10T01:39:31.716
h_e_20241009_78_1_1_9.fits,ZTF24abjjpbo,SDSS-Z,60593.071009,0.9702592,1.480564,60.0,2024-10-10T01:42:15.216
h_e_20241009_77_1_1_9.fits,ZTF24abjjpbo,Bessell-V,60593.070352,1.05565,1.482403,30.0,2024-10-10T01:41:18.401
h_e_20241009_79_1_1_9.fits,ZTF24abjjpbo,SDSS-U,60593.073886,1.496277,1.472858,140.0,2024-10-10T01:46:23.775
h_e_20241010_76_1_1_9.fits,ZTF24abjjpbo,SDSS-G,60594.094386,1.021064,1.433463,30.0,2024-10-11T02:15:54.909
h_e_20241010_78_1_1_9.fits,ZTF24abjjpbo,SDSS-R,60594.096223,0.840885,1.431987,30.0,2024-10-11T02:18:33.646
h_e_20241010_79_1_1_9.fits,ZTF24abjjpbo,SDSS-I,60594.097426,1.093582,1.43115,30.0,2024-10-11T02:20:17.602
h_e_20241010_80_1_1_9.fits,ZTF24abjjpbo,Bessell-V,60594.09866,1.017287,1.430392,30.0,2024-10-11T02:22:04.256
h_e_20241010_77_1_1_9.fits,ZTF24abjjpbo,Bessell-B,60594.095585,1.222626,1.432474,30.0,2024-10-11T02:17:38.576
h_e_20241010_81_1_1_9.fits,ZTF24abjjpbo,SDSS-Z,60594.099317,0.8527317,1.430028,60.0,2024-10-11T02:23:00.989
h_e_20241010_82_1_1_9.fits,ZTF24abjjpbo,SDSS-U,60594.102193,1.411937,1.428794,140.0,2024-10-11T02:27:09.495
h_e_20241011_78_1_1_9.fits,ZTF24abjjpbo,SDSS-G,60595.053909,1.922801,1.518832,30.0,2024-10-12T01:17:37.765
h_e_20241011_80_1_1_9.fits,ZTF24abjjpbo,SDSS-R,60595.055751,1.690679,1.511958,30.0,2024-10-12T01:20:16.847
h_e_20241011_81_1_1_9.fits,ZTF24abjjpbo,SDSS-I,60595.056949,1.500328,1.507709,30.0,2024-10-12T01:22:00.378
h_e_20241011_79_1_1_9.fits,ZTF24abjjpbo,Bessell-B,60595.055111,1.8696,1.514302,30.0,2024-10-12T01:19:21.587
h_e_20241011_83_1_1_9.fits,ZTF24abjjpbo,SDSS-Z,60595.058842,1.499827,1.501182,60.0,2024-10-12T01:24:43.978
h_e_20241011_84_1_1_9.fits,ZTF24abjjpbo,SDSS-U,60595.061719,1.936585,1.491881,140.0,2024-10-12T01:28:52.501
h_e_20241011_82_1_1_9.fits,ZTF24abjjpbo,Bessell-V,60595.058182,1.394258,1.50343,30.0,2024-10-12T01:23:46.944
h_e_20241012_4_1_1_9.fits,ZTF24abjjpbo,SDSS-G,60596.073176,2.918815,1.455826,30.0,2024-10-13T01:45:22.380
h_e_20241012_6_1_1_9.fits,ZTF24abjjpbo,SDSS-R,60596.075013,2.237432,1.452312,30.0,2024-10-13T01:48:01.147
h_e_20241012_5_1_1_9.fits,ZTF24abjjpbo,Bessell-B,60596.074374,2.323119,1.453515,30.0,2024-10-13T01:47:05.902
h_e_20241012_7_1_1_9.fits,ZTF24abjjpbo,SDSS-I,60596.076212,1.877185,1.450141,30.0,2024-10-13T01:49:44.719
h_e_20241012_9_1_1_9.fits,ZTF24abjjpbo,SDSS-Z,60596.078113,2.378222,1.446901,60.0,2024-10-13T01:52:28.943
h_e_20241012_8_1_1_9.fits,ZTF24abjjpbo,Bessell-V,60596.077452,2.281199,1.447997,30.0,2024-10-13T01:51:31.895
h_e_20241012_10_1_1_9.fits,ZTF24abjjpbo,SDSS-U,60596.080989,2.677914,1.442519,140.0,2024-10-13T01:56:37.462
h_e_20241013_136_1_1_9.fits,ZTF24abjjpbo,SDSS-G,60597.087035,1.638811,1.432762,30.0,2024-10-14T02:05:19.816
h_e_20241013_138_1_1_9.fits,ZTF24abjjpbo,SDSS-R,60597.088875,1.410195,1.431393,30.0,2024-10-14T02:07:58.780
h_e_20241013_137_1_1_9.fits,ZTF24abjjpbo,Bessell-B,60597.088238,1.615377,1.431835,30.0,2024-10-14T02:07:03.773
h_e_20241013_139_1_1_9.fits,ZTF24abjjpbo,SDSS-I,60597.090074,1.435833,1.430625,30.0,2024-10-14T02:09:42.400
h_e_20241013_141_1_1_9.fits,ZTF24abjjpbo,SDSS-Z,60597.091966,1.350132,1.429611,60.0,2024-10-14T02:12:25.879
h_e_20241013_140_1_1_9.fits,ZTF24abjjpbo,Bessell-V,60597.091311,1.672107,1.429932,30.0,2024-10-14T02:11:29.229
h_e_20241013_142_1_1_9.fits,ZTF24abjjpbo,SDSS-U,60597.094843,1.186902,1.428542,140.0,2024-10-14T02:16:34.443
h_e_20241016_26_1_1_9.fits,ZTF24abjjpbo,SDSS-G,60600.043106,1.97893,1.50837,60.0,2024-10-17T01:02:04.400
h_e_20241016_28_1_1_9.fits,ZTF24abjjpbo,SDSS-R,60600.045987,1.513634,1.498553,60.0,2024-10-17T01:06:13.270
h_e_20241016_27_1_1_9.fits,ZTF24abjjpbo,Bessell-B,60600.045001,966.0,1.501811,60.0,2024-10-17T01:04:48.092
h_e_20241016_29_1_1_9.fits,ZTF24abjjpbo,SDSS-I,60600.047881,1.290811,1.492465,60.0,2024-10-17T01:08:56.886
h_e_20241016_30_1_1_9.fits,ZTF24abjjpbo,Bessell-V,60600.049812,1.615136,1.486577,60.0,2024-10-17T01:11:43.740
h_e_20241016_31_1_1_9.fits,ZTF24abjjpbo,SDSS-Z,60600.050816,1.250417,1.483649,90.0,2024-10-17T01:13:10.482
h_e_20241017_39_1_1_9.fits,ZTF24abjjpbo,SDSS-U,60601.039989,1.370234,1.509763,140.0,2024-10-18T00:57:35.045
h_e_20241017_40_1_1_9.fits,ZTF24abjjpbo,SDSS-G,60601.048508,2.048945,1.482435,90.0,2024-10-18T01:09:51.067
h_e_20241017_41_1_1_9.fits,ZTF24abjjpbo,SDSS-R,60601.051137,1.559386,1.475219,90.0,2024-10-18T01:13:38.210
h_e_20241017_42_1_1_9.fits,ZTF24abjjpbo,SDSS-I,60601.053727,1.928317,1.468668,90.0,2024-10-18T01:17:21.995
h_e_20241017_43_1_1_9.fits,ZTF24abjjpbo,SDSS-Z,60601.05763,1.351437,1.459741,90.0,2024-10-18T01:22:59.256
h_e_20241018_35_1_1_9.fits,ZTF24abjjpbo,SDSS-G,60602.036883,1.556797,1.511088,90.0,2024-10-19T00:53:06.654
h_e_20241018_36_1_1_9.fits,ZTF24abjjpbo,SDSS-R,60602.040771,1.329644,1.497726,90.0,2024-10-19T00:58:42.586
h_e_20241018_37_1_1_9.fits,ZTF24abjjpbo,SDSS-I,60602.044634,1.212477,1.485729,90.0,2024-10-19T01:04:16.370
h_e_20241018_38_1_1_9.fits,ZTF24abjjpbo,SDSS-Z,60602.048501,1.188573,1.474965,90.0,2024-10-19T01:09:50.472
h_e_20241018_60_1_1_9.fits,ZTF24abjjpbo,SDSS-U,60602.162891,2.054146,1.660551,150.0,2024-10-19T03:54:33.816
h_e_20241018_63_1_1_9.fits,ZTF24abjjpbo,SDSS-I,60602.181948,1.619983,1.818606,60.0,2024-10-19T04:22:00.307
h_e_20241019_63_1_1_9.fits,ZTF24abjjpbo,SDSS-G,60603.117397,1.908433,1.470232,90.0,2024-10-20T02:49:03.120
h_e_20241019_64_1_1_9.fits,ZTF24abjjpbo,SDSS-R,60603.121285,1.60635,1.480485,90.0,2024-10-20T02:54:38.991
h_e_20241019_65_1_1_9.fits,ZTF24abjjpbo,SDSS-I,60603.125147,1.602216,1.491893,90.0,2024-10-20T03:00:12.671
h_e_20241019_66_1_1_9.fits,ZTF24abjjpbo,SDSS-Z,60603.129018,2.395909,1.504559,90.0,2024-10-20T03:05:47.173
h_e_20241021_42_1_1_9.fits,ZTF24abjjpbo,SDSS-G,60605.03709,2.271205,1.483856,90.0,2024-10-22T00:53:24.605
h_e_20241021_43_1_1_9.fits,ZTF24abjjpbo,SDSS-R,60605.040978,1.737431,1.473229,90.0,2024-10-22T00:59:00.490
h_e_20241021_44_1_1_9.fits,ZTF24abjjpbo,SDSS-I,60605.044843,1.70688,1.463862,90.0,2024-10-22T01:04:34.404
h_e_20241021_45_1_1_9.fits,ZTF24abjjpbo,SDSS-Z,60605.048714,1.651571,1.455634,90.0,2024-10-22T01:10:08.888
h_e_20241022_67_1_1_9.fits,ZTF24abjjpbo,SDSS-G,60606.027924,1.90601,1.50418,90.0,2024-10-23T00:40:12.646
h_e_20241022_68_1_1_9.fits,ZTF24abjjpbo,SDSS-R,60606.031818,1.676895,1.491479,90.0,2024-10-23T00:45:49.076
h_e_20241022_69_1_1_9.fits,ZTF24abjjpbo,SDSS-I,60606.035685,2.021549,1.480113,90.0,2024-10-23T00:51:23.187
h_e_20241022_70_1_1_9.fits,ZTF24abjjpbo,SDSS-Z,60606.039557,2.378061,1.46993,90.0,2024-10-23T00:56:57.694
h_e_20241023_74_1_1_9.fits,ZTF24abjjpbo,SDSS-G,60607.085342,2.140727,1.434421,90.0,2024-10-24T02:02:53.530
h_e_20241023_75_1_1_9.fits,ZTF24abjjpbo,SDSS-R,60607.089234,1.628258,1.438595,90.0,2024-10-24T02:08:29.859
h_e_20241023_76_1_1_9.fits,ZTF24abjjpbo,SDSS-I,60607.093101,1.518464,1.443814,90.0,2024-10-24T02:14:03.936
h_e_20241023_77_1_1_9.fits,ZTF24abjjpbo,SDSS-Z,60607.096973,1.592747,1.45009,90.0,2024-10-24T02:19:38.509
h_e_20241024_61_1_1_9.fits,ZTF24abjjpbo,SDSS-G,60608.018687,1.54955,1.517783,90.0,2024-10-25T00:26:54.560
h_e_20241024_62_1_1_9.fits,ZTF24abjjpbo,SDSS-R,60608.022577,1.291594,1.503798,90.0,2024-10-25T00:32:30.662
h_e_20241024_63_1_1_9.fits,ZTF24abjjpbo,SDSS-I,60608.026443,1.249958,1.491207,90.0,2024-10-25T00:38:04.687
h_e_20241024_64_1_1_9.fits,ZTF24abjjpbo,SDSS-Z,60608.030314,1.149235,1.47987,90.0,2024-10-25T00:43:39.124
h_e_20241024_67_1_1_9.fits,ZTF24abjjpbo,SDSS-U,60608.05252,1.65565,1.437082,150.0,2024-10-25T01:15:37.712
h_e_20241028_21_1_1_9.fits,ZTF24abjjpbo,SDSS-G,60611.960416,2.562001,1.826855,60.0,2024-10-28T23:02:59.925
h_e_20241028_29_1_1_9.fits,ZTF24abjjpbo,SDSS-G,60612.062508,1.754504,1.423235,120.0,2024-10-29T01:30:00.716
h_e_20241028_30_1_1_9.fits,ZTF24abjjpbo,SDSS-G,60612.064342,1.515699,1.429354,120.0,2024-10-29T01:32:39.115
h_e_20241028_31_1_1_9.fits,ZTF24abjjpbo,SDSS-R,60612.066037,1.392749,1.430183,120.0,2024-10-29T01:35:05.632
h_e_20241028_32_1_1_9.fits,ZTF24abjjpbo,SDSS-R,60612.067865,1.471152,1.431378,120.0,2024-10-29T01:37:43.496
h_e_20241028_33_1_1_9.fits,ZTF24abjjpbo,SDSS-I,60612.069537,1.664842,1.432606,120.0,2024-10-29T01:40:07.969
h_e_20241028_34_1_1_9.fits,ZTF24abjjpbo,SDSS-I,60612.072971,1.446827,1.435646,120.0,2024-10-29T01:45:04.727
h_e_20241028_35_1_1_9.fits,ZTF24abjjpbo,SDSS-U,60612.076975,1.718755,1.440363,180.0,2024-10-29T01:50:50.622
h_e_20241029_10_1_1_9.fits,ZTF24abjjpbo,SDSS-G,60613.087455,1.950147,1.463956,120.0,2024-10-30T02:05:56.102
h_e_20241029_11_1_1_9.fits,ZTF24abjjpbo,SDSS-G,60613.091495,1.770775,1.473745,120.0,2024-10-30T02:11:45.131
h_e_20241029_12_1_1_9.fits,ZTF24abjjpbo,SDSS-R,60613.09319,1.259976,1.478267,120.0,2024-10-30T02:14:11.644
h_e_20241029_13_1_1_9.fits,ZTF24abjjpbo,SDSS-R,60613.095101,1.200234,1.483723,120.0,2024-10-30T02:16:56.737
h_e_20241029_14_1_1_9.fits,ZTF24abjjpbo,SDSS-I,60613.09677,1.144001,1.488639,120.0,2024-10-30T02:19:20.961
h_e_20241029_15_1_1_9.fits,ZTF24abjjpbo,SDSS-I,60613.102429,1.821168,1.506992,120.0,2024-10-30T02:27:29.831
